{"errors":[],"warnings":[],"namedChunkGroups":{"app":{"chunks":[8,7,3],"assets":["webpack-runtime-0d04a46c0fe3dd6d99d8.js","webpack-runtime-0d04a46c0fe3dd6d99d8.js.map","framework-5fc6169171e885c3b522.js","framework-5fc6169171e885c3b522.js.map","app-ef72cfff084de64c3448.js","app-ef72cfff084de64c3448.js.map"],"children":{},"childAssets":{}},"component---src-pages-index-jsx":{"chunks":[2,0,1,4],"assets":["70f33064-64f932cacd7bc7e80f9e.js","70f33064-64f932cacd7bc7e80f9e.js.map","0e3d3dd0483edddfb6a0e74ed56f04e83614735a-64a7c7c2fdfe2fa80db2.js","0e3d3dd0483edddfb6a0e74ed56f04e83614735a-64a7c7c2fdfe2fa80db2.js.map","2bfa8cbd018eea12a44780257dffe6ac6901b6c2-6d7a649bb9ff6f93cb49.js","2bfa8cbd018eea12a44780257dffe6ac6901b6c2-6d7a649bb9ff6f93cb49.js.map","component---src-pages-index-jsx-3ef9644432a297265dc4.js","component---src-pages-index-jsx-3ef9644432a297265dc4.js.map"],"children":{},"childAssets":{}},"component---src-pages-index-kouten-table-jsx":{"chunks":[0,5],"assets":["0e3d3dd0483edddfb6a0e74ed56f04e83614735a-64a7c7c2fdfe2fa80db2.js","0e3d3dd0483edddfb6a0e74ed56f04e83614735a-64a7c7c2fdfe2fa80db2.js.map","component---src-pages-index-kouten-table-jsx-225cb48285dfb65d2d87.js","component---src-pages-index-kouten-table-jsx-225cb48285dfb65d2d87.js.map"],"children":{},"childAssets":{}},"component---src-pages-true-index-jsx":{"chunks":[2,0,1,6],"assets":["70f33064-64f932cacd7bc7e80f9e.js","70f33064-64f932cacd7bc7e80f9e.js.map","0e3d3dd0483edddfb6a0e74ed56f04e83614735a-64a7c7c2fdfe2fa80db2.js","0e3d3dd0483edddfb6a0e74ed56f04e83614735a-64a7c7c2fdfe2fa80db2.js.map","2bfa8cbd018eea12a44780257dffe6ac6901b6c2-6d7a649bb9ff6f93cb49.js","2bfa8cbd018eea12a44780257dffe6ac6901b6c2-6d7a649bb9ff6f93cb49.js.map","component---src-pages-true-index-jsx-f6c3e197554b275542ef.js","component---src-pages-true-index-jsx-f6c3e197554b275542ef.js.map"],"children":{},"childAssets":{}}},"assetsByChunkName":{"app":["webpack-runtime-0d04a46c0fe3dd6d99d8.js","framework-5fc6169171e885c3b522.js","app-ef72cfff084de64c3448.js"],"component---src-pages-index-jsx":["70f33064-64f932cacd7bc7e80f9e.js","0e3d3dd0483edddfb6a0e74ed56f04e83614735a-64a7c7c2fdfe2fa80db2.js","2bfa8cbd018eea12a44780257dffe6ac6901b6c2-6d7a649bb9ff6f93cb49.js","component---src-pages-index-jsx-3ef9644432a297265dc4.js"],"component---src-pages-index-kouten-table-jsx":["0e3d3dd0483edddfb6a0e74ed56f04e83614735a-64a7c7c2fdfe2fa80db2.js","component---src-pages-index-kouten-table-jsx-225cb48285dfb65d2d87.js"],"component---src-pages-true-index-jsx":["70f33064-64f932cacd7bc7e80f9e.js","0e3d3dd0483edddfb6a0e74ed56f04e83614735a-64a7c7c2fdfe2fa80db2.js","2bfa8cbd018eea12a44780257dffe6ac6901b6c2-6d7a649bb9ff6f93cb49.js","component---src-pages-true-index-jsx-f6c3e197554b275542ef.js"]}}