{"errors":[],"warnings":[],"namedChunkGroups":{"app":{"chunks":[5,3,1],"assets":["webpack-runtime-a646111e991cfca84273.js","webpack-runtime-a646111e991cfca84273.js.map","framework-0f7f24c8879fa60fb4d3.js","framework-0f7f24c8879fa60fb4d3.js.map","app-1e594a4127809486ce7d.js","app-1e594a4127809486ce7d.js.map"],"children":{},"childAssets":{}},"component---src-pages-index-jsx":{"chunks":[4,0,2],"assets":["styles.3e9b417e6f17132adf22.css","styles-c6fefb7f482bcee5f133.js","styles-c6fefb7f482bcee5f133.js.map","6db0a9ef-21e4f145682b453e8e0e.js","6db0a9ef-21e4f145682b453e8e0e.js.map","component---src-pages-index-jsx-d66b98f7ae5c5659cb6e.js","component---src-pages-index-jsx-d66b98f7ae5c5659cb6e.js.map"],"children":{},"childAssets":{}}},"assetsByChunkName":{"app":["webpack-runtime-a646111e991cfca84273.js","framework-0f7f24c8879fa60fb4d3.js","app-1e594a4127809486ce7d.js"],"component---src-pages-index-jsx":["styles.3e9b417e6f17132adf22.css","styles-c6fefb7f482bcee5f133.js","6db0a9ef-21e4f145682b453e8e0e.js","component---src-pages-index-jsx-d66b98f7ae5c5659cb6e.js"]}}